Observation id,Observation date,Description,Media file,Total length,FPS,Subject,Behavior,Behavioral category,Modifiers,Behavior type,Start (s),Stop (s),Duration (s),Comment start,Comment stop
meta_f4,2021-12-12 17:47:02,,C:/Users/user/Dropbox/2021/2021 Fall/EE595/f4_m.mov,339.030,30.02,No focal subject,Sync_end,,,POINT,6.900,6.900,NA,,
meta_f4,2021-12-12 17:47:02,,C:/Users/user/Dropbox/2021/2021 Fall/EE595/f4_m.mov,339.030,30.02,No focal subject,4beats_2,,,POINT,12.150,12.150,NA,,
meta_f4,2021-12-12 17:47:02,,C:/Users/user/Dropbox/2021/2021 Fall/EE595/f4_m.mov,339.030,30.02,No focal subject,4beats_3,,,POINT,13.151,13.151,NA,,
meta_f4,2021-12-12 17:47:02,,C:/Users/user/Dropbox/2021/2021 Fall/EE595/f4_m.mov,339.030,30.02,No focal subject,4beats_4,,,POINT,14.150,14.150,NA,,
meta_f4,2021-12-12 17:47:02,,C:/Users/user/Dropbox/2021/2021 Fall/EE595/f4_m.mov,339.030,30.02,No focal subject,4beats_1,,,POINT,14.901,14.901,NA,,
meta_f4,2021-12-12 17:47:02,,C:/Users/user/Dropbox/2021/2021 Fall/EE595/f4_m.mov,339.030,30.02,No focal subject,4beats_2,,,POINT,15.900,15.900,NA,,
meta_f4,2021-12-12 17:47:02,,C:/Users/user/Dropbox/2021/2021 Fall/EE595/f4_m.mov,339.030,30.02,No focal subject,4beats_3,,,POINT,16.650,16.650,NA,,
meta_f4,2021-12-12 17:47:02,,C:/Users/user/Dropbox/2021/2021 Fall/EE595/f4_m.mov,339.030,30.02,No focal subject,4beats_4,,,POINT,17.651,17.651,NA,,
meta_f4,2021-12-12 17:47:02,,C:/Users/user/Dropbox/2021/2021 Fall/EE595/f4_m.mov,339.030,30.02,No focal subject,4beats_1,,,POINT,18.400,18.400,NA,,
meta_f4,2021-12-12 17:47:02,,C:/Users/user/Dropbox/2021/2021 Fall/EE595/f4_m.mov,339.030,30.02,No focal subject,4beats_2,,,POINT,19.650,19.650,NA,,
meta_f4,2021-12-12 17:47:02,,C:/Users/user/Dropbox/2021/2021 Fall/EE595/f4_m.mov,339.030,30.02,No focal subject,4beats_3,,,POINT,20.650,20.650,NA,,
meta_f4,2021-12-12 17:47:02,,C:/Users/user/Dropbox/2021/2021 Fall/EE595/f4_m.mov,339.030,30.02,No focal subject,4beats_4,,,POINT,21.650,21.650,NA,,
meta_f4,2021-12-12 17:47:02,,C:/Users/user/Dropbox/2021/2021 Fall/EE595/f4_m.mov,339.030,30.02,No focal subject,4beats_1,,,POINT,22.650,22.650,NA,,
meta_f4,2021-12-12 17:47:02,,C:/Users/user/Dropbox/2021/2021 Fall/EE595/f4_m.mov,339.030,30.02,No focal subject,4beats_2,,,POINT,23.900,23.900,NA,,
meta_f4,2021-12-12 17:47:02,,C:/Users/user/Dropbox/2021/2021 Fall/EE595/f4_m.mov,339.030,30.02,No focal subject,4beats_3,,,POINT,24.900,24.900,NA,,
meta_f4,2021-12-12 17:47:02,,C:/Users/user/Dropbox/2021/2021 Fall/EE595/f4_m.mov,339.030,30.02,No focal subject,4beats_4,,,POINT,25.650,25.650,NA,,
meta_f4,2021-12-12 17:47:02,,C:/Users/user/Dropbox/2021/2021 Fall/EE595/f4_m.mov,339.030,30.02,No focal subject,4beats_1,,,POINT,26.650,26.650,NA,,
meta_f4,2021-12-12 17:47:02,,C:/Users/user/Dropbox/2021/2021 Fall/EE595/f4_m.mov,339.030,30.02,No focal subject,4beats_2,,,POINT,27.900,27.900,NA,,
meta_f4,2021-12-12 17:47:02,,C:/Users/user/Dropbox/2021/2021 Fall/EE595/f4_m.mov,339.030,30.02,No focal subject,4beats_3,,,POINT,28.651,28.651,NA,,
meta_f4,2021-12-12 17:47:02,,C:/Users/user/Dropbox/2021/2021 Fall/EE595/f4_m.mov,339.030,30.02,No focal subject,4beats_4,,,POINT,29.650,29.650,NA,,
meta_f4,2021-12-12 17:47:02,,C:/Users/user/Dropbox/2021/2021 Fall/EE595/f4_m.mov,339.030,30.02,No focal subject,4beats_1,,,POINT,30.401,30.401,NA,,
meta_f4,2021-12-12 17:47:02,,C:/Users/user/Dropbox/2021/2021 Fall/EE595/f4_m.mov,339.030,30.02,No focal subject,4beats_2,,,POINT,31.651,31.651,NA,,
meta_f4,2021-12-12 17:47:02,,C:/Users/user/Dropbox/2021/2021 Fall/EE595/f4_m.mov,339.030,30.02,No focal subject,4beats_3,,,POINT,32.651,32.651,NA,,
meta_f4,2021-12-12 17:47:02,,C:/Users/user/Dropbox/2021/2021 Fall/EE595/f4_m.mov,339.030,30.02,No focal subject,4beats_4,,,POINT,33.650,33.650,NA,,
meta_f4,2021-12-12 17:47:02,,C:/Users/user/Dropbox/2021/2021 Fall/EE595/f4_m.mov,339.030,30.02,No focal subject,4beats_1,,,POINT,34.650,34.650,NA,,
meta_f4,2021-12-12 17:47:02,,C:/Users/user/Dropbox/2021/2021 Fall/EE595/f4_m.mov,339.030,30.02,No focal subject,4beats_2,,,POINT,36.150,36.150,NA,,
meta_f4,2021-12-12 17:47:02,,C:/Users/user/Dropbox/2021/2021 Fall/EE595/f4_m.mov,339.030,30.02,No focal subject,4beats_3,,,POINT,37.151,37.151,NA,,
meta_f4,2021-12-12 17:47:02,,C:/Users/user/Dropbox/2021/2021 Fall/EE595/f4_m.mov,339.030,30.02,No focal subject,4beats_4,,,POINT,38.151,38.151,NA,,
meta_f4,2021-12-12 17:47:02,,C:/Users/user/Dropbox/2021/2021 Fall/EE595/f4_m.mov,339.030,30.02,No focal subject,4beats_1,,,POINT,39.150,39.150,NA,,
meta_f4,2021-12-12 17:47:02,,C:/Users/user/Dropbox/2021/2021 Fall/EE595/f4_m.mov,339.030,30.02,No focal subject,4beats_2,,,POINT,40.151,40.151,NA,,
meta_f4,2021-12-12 17:47:02,,C:/Users/user/Dropbox/2021/2021 Fall/EE595/f4_m.mov,339.030,30.02,No focal subject,4beats_3,,,POINT,41.401,41.401,NA,,
meta_f4,2021-12-12 17:47:02,,C:/Users/user/Dropbox/2021/2021 Fall/EE595/f4_m.mov,339.030,30.02,No focal subject,4beats_4,,,POINT,42.151,42.151,NA,,
meta_f4,2021-12-12 17:47:02,,C:/Users/user/Dropbox/2021/2021 Fall/EE595/f4_m.mov,339.030,30.02,No focal subject,4beats_1,,,POINT,43.150,43.150,NA,,
meta_f4,2021-12-12 17:47:02,,C:/Users/user/Dropbox/2021/2021 Fall/EE595/f4_m.mov,339.030,30.02,No focal subject,4beats_2,,,POINT,44.400,44.400,NA,,
meta_f4,2021-12-12 17:47:02,,C:/Users/user/Dropbox/2021/2021 Fall/EE595/f4_m.mov,339.030,30.02,No focal subject,4beats_3,,,POINT,45.401,45.401,NA,,
meta_f4,2021-12-12 17:47:02,,C:/Users/user/Dropbox/2021/2021 Fall/EE595/f4_m.mov,339.030,30.02,No focal subject,4beats_4,,,POINT,46.150,46.150,NA,,
meta_f4,2021-12-12 17:47:02,,C:/Users/user/Dropbox/2021/2021 Fall/EE595/f4_m.mov,339.030,30.02,No focal subject,4beats_1,,,POINT,47.150,47.150,NA,,
meta_f4,2021-12-12 17:47:02,,C:/Users/user/Dropbox/2021/2021 Fall/EE595/f4_m.mov,339.030,30.02,No focal subject,4beats_2,,,POINT,48.400,48.400,NA,,
meta_f4,2021-12-12 17:47:02,,C:/Users/user/Dropbox/2021/2021 Fall/EE595/f4_m.mov,339.030,30.02,No focal subject,4beats_3,,,POINT,49.150,49.150,NA,,
meta_f4,2021-12-12 17:47:02,,C:/Users/user/Dropbox/2021/2021 Fall/EE595/f4_m.mov,339.030,30.02,No focal subject,4beats_4,,,POINT,50.150,50.150,NA,,
meta_f4,2021-12-12 17:47:02,,C:/Users/user/Dropbox/2021/2021 Fall/EE595/f4_m.mov,339.030,30.02,No focal subject,4beats_1,,,POINT,50.901,50.901,NA,,
meta_f4,2021-12-12 17:47:02,,C:/Users/user/Dropbox/2021/2021 Fall/EE595/f4_m.mov,339.030,30.02,No focal subject,4beats_2,,,POINT,52.151,52.151,NA,,
meta_f4,2021-12-12 17:47:02,,C:/Users/user/Dropbox/2021/2021 Fall/EE595/f4_m.mov,339.030,30.02,No focal subject,4beats_3,,,POINT,53.150,53.150,NA,,
meta_f4,2021-12-12 17:47:02,,C:/Users/user/Dropbox/2021/2021 Fall/EE595/f4_m.mov,339.030,30.02,No focal subject,4beats_4,,,POINT,54.151,54.151,NA,,
meta_f4,2021-12-12 17:47:02,,C:/Users/user/Dropbox/2021/2021 Fall/EE595/f4_m.mov,339.030,30.02,No focal subject,4beats_1,,,POINT,55.151,55.151,NA,,
meta_f4,2021-12-12 17:47:02,,C:/Users/user/Dropbox/2021/2021 Fall/EE595/f4_m.mov,339.030,30.02,No focal subject,4beats_2,,,POINT,56.150,56.150,NA,,
meta_f4,2021-12-12 17:47:02,,C:/Users/user/Dropbox/2021/2021 Fall/EE595/f4_m.mov,339.030,30.02,No focal subject,4beats_3,,,POINT,57.150,57.150,NA,,
meta_f4,2021-12-12 17:47:02,,C:/Users/user/Dropbox/2021/2021 Fall/EE595/f4_m.mov,339.030,30.02,No focal subject,4beats_4,,,POINT,58.151,58.151,NA,,
meta_f4,2021-12-12 17:47:02,,C:/Users/user/Dropbox/2021/2021 Fall/EE595/f4_m.mov,339.030,30.02,No focal subject,4beats_1,,,POINT,59.151,59.151,NA,,
meta_f4,2021-12-12 17:47:02,,C:/Users/user/Dropbox/2021/2021 Fall/EE595/f4_m.mov,339.030,30.02,No focal subject,4beats_2,,,POINT,60.401,60.401,NA,,
meta_f4,2021-12-12 17:47:02,,C:/Users/user/Dropbox/2021/2021 Fall/EE595/f4_m.mov,339.030,30.02,No focal subject,4beats_3,,,POINT,61.400,61.400,NA,,
meta_f4,2021-12-12 17:47:02,,C:/Users/user/Dropbox/2021/2021 Fall/EE595/f4_m.mov,339.030,30.02,No focal subject,4beats_4,,,POINT,62.400,62.400,NA,,
meta_f4,2021-12-12 17:47:02,,C:/Users/user/Dropbox/2021/2021 Fall/EE595/f4_m.mov,339.030,30.02,No focal subject,4beats_1,,,POINT,63.151,63.151,NA,,
meta_f4,2021-12-12 17:47:02,,C:/Users/user/Dropbox/2021/2021 Fall/EE595/f4_m.mov,339.030,30.02,No focal subject,4beats_2,,,POINT,64.150,64.150,NA,,
meta_f4,2021-12-12 17:47:02,,C:/Users/user/Dropbox/2021/2021 Fall/EE595/f4_m.mov,339.030,30.02,No focal subject,4beats_3,,,POINT,65.150,65.150,NA,,
meta_f4,2021-12-12 17:47:02,,C:/Users/user/Dropbox/2021/2021 Fall/EE595/f4_m.mov,339.030,30.02,No focal subject,4beats_4,,,POINT,66.151,66.151,NA,,
meta_f4,2021-12-12 17:47:02,,C:/Users/user/Dropbox/2021/2021 Fall/EE595/f4_m.mov,339.030,30.02,No focal subject,4beats_1,,,POINT,66.901,66.901,NA,,
meta_f4,2021-12-12 17:47:02,,C:/Users/user/Dropbox/2021/2021 Fall/EE595/f4_m.mov,339.030,30.02,No focal subject,4beats_2,,,POINT,67.901,67.901,NA,,
meta_f4,2021-12-12 17:47:02,,C:/Users/user/Dropbox/2021/2021 Fall/EE595/f4_m.mov,339.030,30.02,No focal subject,4beats_3,,,POINT,68.651,68.651,NA,,
meta_f4,2021-12-12 17:47:02,,C:/Users/user/Dropbox/2021/2021 Fall/EE595/f4_m.mov,339.030,30.02,No focal subject,4beats_4,,,POINT,69.651,69.651,NA,,
meta_f4,2021-12-12 17:47:02,,C:/Users/user/Dropbox/2021/2021 Fall/EE595/f4_m.mov,339.030,30.02,No focal subject,4beats_1,,,POINT,70.400,70.400,NA,,
meta_f4,2021-12-12 17:47:02,,C:/Users/user/Dropbox/2021/2021 Fall/EE595/f4_m.mov,339.030,30.02,No focal subject,4beats_2,,,POINT,71.401,71.401,NA,,
meta_f4,2021-12-12 17:47:02,,C:/Users/user/Dropbox/2021/2021 Fall/EE595/f4_m.mov,339.030,30.02,No focal subject,4beats_3,,,POINT,72.401,72.401,NA,,
meta_f4,2021-12-12 17:47:02,,C:/Users/user/Dropbox/2021/2021 Fall/EE595/f4_m.mov,339.030,30.02,No focal subject,4beats_4,,,POINT,73.400,73.400,NA,,
meta_f4,2021-12-12 17:47:02,,C:/Users/user/Dropbox/2021/2021 Fall/EE595/f4_m.mov,339.030,30.02,No focal subject,4beats_1,,,POINT,74.150,74.150,NA,,
meta_f4,2021-12-12 17:47:02,,C:/Users/user/Dropbox/2021/2021 Fall/EE595/f4_m.mov,339.030,30.02,No focal subject,4beats_2,,,POINT,75.151,75.151,NA,,
meta_f4,2021-12-12 17:47:02,,C:/Users/user/Dropbox/2021/2021 Fall/EE595/f4_m.mov,339.030,30.02,No focal subject,4beats_3,,,POINT,76.150,76.150,NA,,
meta_f4,2021-12-12 17:47:02,,C:/Users/user/Dropbox/2021/2021 Fall/EE595/f4_m.mov,339.030,30.02,No focal subject,4beats_4,,,POINT,76.901,76.901,NA,,
meta_f4,2021-12-12 17:47:02,,C:/Users/user/Dropbox/2021/2021 Fall/EE595/f4_m.mov,339.030,30.02,No focal subject,4beats_1,,,POINT,77.901,77.901,NA,,
meta_f4,2021-12-12 17:47:02,,C:/Users/user/Dropbox/2021/2021 Fall/EE595/f4_m.mov,339.030,30.02,No focal subject,4beats_2,,,POINT,79.150,79.150,NA,,
meta_f4,2021-12-12 17:47:02,,C:/Users/user/Dropbox/2021/2021 Fall/EE595/f4_m.mov,339.030,30.02,No focal subject,4beats_3,,,POINT,80.150,80.150,NA,,
meta_f4,2021-12-12 17:47:02,,C:/Users/user/Dropbox/2021/2021 Fall/EE595/f4_m.mov,339.030,30.02,No focal subject,4beats_4,,,POINT,80.901,80.901,NA,,
meta_f4,2021-12-12 17:47:02,,C:/Users/user/Dropbox/2021/2021 Fall/EE595/f4_m.mov,339.030,30.02,No focal subject,4beats_1,,,POINT,82.150,82.150,NA,,
meta_f4,2021-12-12 17:47:02,,C:/Users/user/Dropbox/2021/2021 Fall/EE595/f4_m.mov,339.030,30.02,No focal subject,4beats_2,,,POINT,83.401,83.401,NA,,
meta_f4,2021-12-12 17:47:02,,C:/Users/user/Dropbox/2021/2021 Fall/EE595/f4_m.mov,339.030,30.02,No focal subject,4beats_3,,,POINT,84.401,84.401,NA,,
meta_f4,2021-12-12 17:47:02,,C:/Users/user/Dropbox/2021/2021 Fall/EE595/f4_m.mov,339.030,30.02,No focal subject,4beats_4,,,POINT,85.151,85.151,NA,,
meta_f4,2021-12-12 17:47:02,,C:/Users/user/Dropbox/2021/2021 Fall/EE595/f4_m.mov,339.030,30.02,No focal subject,4beats_1,,,POINT,86.150,86.150,NA,,
meta_f4,2021-12-12 17:47:02,,C:/Users/user/Dropbox/2021/2021 Fall/EE595/f4_m.mov,339.030,30.02,No focal subject,4beats_2,,,POINT,87.150,87.150,NA,,
meta_f4,2021-12-12 17:47:02,,C:/Users/user/Dropbox/2021/2021 Fall/EE595/f4_m.mov,339.030,30.02,No focal subject,4beats_3,,,POINT,88.150,88.150,NA,,
meta_f4,2021-12-12 17:47:02,,C:/Users/user/Dropbox/2021/2021 Fall/EE595/f4_m.mov,339.030,30.02,No focal subject,4beats_4,,,POINT,89.382,89.382,NA,,
meta_f4,2021-12-12 17:47:02,,C:/Users/user/Dropbox/2021/2021 Fall/EE595/f4_m.mov,339.030,30.02,No focal subject,4beats_1,,,POINT,90.382,90.382,NA,,
meta_f4,2021-12-12 17:47:02,,C:/Users/user/Dropbox/2021/2021 Fall/EE595/f4_m.mov,339.030,30.02,No focal subject,4beats_2,,,POINT,91.383,91.383,NA,,
meta_f4,2021-12-12 17:47:02,,C:/Users/user/Dropbox/2021/2021 Fall/EE595/f4_m.mov,339.030,30.02,No focal subject,4beats_3,,,POINT,92.382,92.382,NA,,
meta_f4,2021-12-12 17:47:02,,C:/Users/user/Dropbox/2021/2021 Fall/EE595/f4_m.mov,339.030,30.02,No focal subject,4beats_4,,,POINT,93.382,93.382,NA,,
meta_f4,2021-12-12 17:47:02,,C:/Users/user/Dropbox/2021/2021 Fall/EE595/f4_m.mov,339.030,30.02,No focal subject,4beats_1,,,POINT,94.382,94.382,NA,,
meta_f4,2021-12-12 17:47:02,,C:/Users/user/Dropbox/2021/2021 Fall/EE595/f4_m.mov,339.030,30.02,No focal subject,4beats_2,,,POINT,95.382,95.382,NA,,
meta_f4,2021-12-12 17:47:02,,C:/Users/user/Dropbox/2021/2021 Fall/EE595/f4_m.mov,339.030,30.02,No focal subject,4beats_3,,,POINT,96.382,96.382,NA,,
meta_f4,2021-12-12 17:47:02,,C:/Users/user/Dropbox/2021/2021 Fall/EE595/f4_m.mov,339.030,30.02,No focal subject,4beats_4,,,POINT,97.382,97.382,NA,,
meta_f4,2021-12-12 17:47:02,,C:/Users/user/Dropbox/2021/2021 Fall/EE595/f4_m.mov,339.030,30.02,No focal subject,4beats_1,,,POINT,98.383,98.383,NA,,
meta_f4,2021-12-12 17:47:02,,C:/Users/user/Dropbox/2021/2021 Fall/EE595/f4_m.mov,339.030,30.02,No focal subject,4beats_2,,,POINT,99.632,99.632,NA,,
meta_f4,2021-12-12 17:47:02,,C:/Users/user/Dropbox/2021/2021 Fall/EE595/f4_m.mov,339.030,30.02,No focal subject,4beats_3,,,POINT,100.383,100.383,NA,,
meta_f4,2021-12-12 17:47:02,,C:/Users/user/Dropbox/2021/2021 Fall/EE595/f4_m.mov,339.030,30.02,No focal subject,4beats_4,,,POINT,101.132,101.132,NA,,
meta_f4,2021-12-12 17:47:02,,C:/Users/user/Dropbox/2021/2021 Fall/EE595/f4_m.mov,339.030,30.02,No focal subject,4beats_1,,,POINT,102.132,102.132,NA,,
meta_f4,2021-12-12 17:47:02,,C:/Users/user/Dropbox/2021/2021 Fall/EE595/f4_m.mov,339.030,30.02,No focal subject,4beats_2,,,POINT,103.132,103.132,NA,,
meta_f4,2021-12-12 17:47:02,,C:/Users/user/Dropbox/2021/2021 Fall/EE595/f4_m.mov,339.030,30.02,No focal subject,4beats_3,,,POINT,104.132,104.132,NA,,
meta_f4,2021-12-12 17:47:02,,C:/Users/user/Dropbox/2021/2021 Fall/EE595/f4_m.mov,339.030,30.02,No focal subject,4beats_4,,,POINT,104.883,104.883,NA,,
meta_f4,2021-12-12 17:47:02,,C:/Users/user/Dropbox/2021/2021 Fall/EE595/f4_m.mov,339.030,30.02,No focal subject,4beats_1,,,POINT,105.882,105.882,NA,,
meta_f4,2021-12-12 17:47:02,,C:/Users/user/Dropbox/2021/2021 Fall/EE595/f4_m.mov,339.030,30.02,No focal subject,4beats_2,,,POINT,107.133,107.133,NA,,
meta_f4,2021-12-12 17:47:02,,C:/Users/user/Dropbox/2021/2021 Fall/EE595/f4_m.mov,339.030,30.02,No focal subject,4beats_3,,,POINT,107.883,107.883,NA,,
meta_f4,2021-12-12 17:47:02,,C:/Users/user/Dropbox/2021/2021 Fall/EE595/f4_m.mov,339.030,30.02,No focal subject,4beats_4,,,POINT,108.882,108.882,NA,,
meta_f4,2021-12-12 17:47:02,,C:/Users/user/Dropbox/2021/2021 Fall/EE595/f4_m.mov,339.030,30.02,No focal subject,4beats_1,,,POINT,109.883,109.883,NA,,
meta_f4,2021-12-12 17:47:02,,C:/Users/user/Dropbox/2021/2021 Fall/EE595/f4_m.mov,339.030,30.02,No focal subject,4beats_2,,,POINT,111.132,111.132,NA,,
meta_f4,2021-12-12 17:47:02,,C:/Users/user/Dropbox/2021/2021 Fall/EE595/f4_m.mov,339.030,30.02,No focal subject,4beats_3,,,POINT,112.133,112.133,NA,,
meta_f4,2021-12-12 17:47:02,,C:/Users/user/Dropbox/2021/2021 Fall/EE595/f4_m.mov,339.030,30.02,No focal subject,4beats_4,,,POINT,113.132,113.132,NA,,
meta_f4,2021-12-12 17:47:02,,C:/Users/user/Dropbox/2021/2021 Fall/EE595/f4_m.mov,339.030,30.02,No focal subject,4beats_1,,,POINT,114.132,114.132,NA,,
meta_f4,2021-12-12 17:47:02,,C:/Users/user/Dropbox/2021/2021 Fall/EE595/f4_m.mov,339.030,30.02,No focal subject,4beats_2,,,POINT,115.132,115.132,NA,,
meta_f4,2021-12-12 17:47:02,,C:/Users/user/Dropbox/2021/2021 Fall/EE595/f4_m.mov,339.030,30.02,No focal subject,4beats_3,,,POINT,116.382,116.382,NA,,
meta_f4,2021-12-12 17:47:02,,C:/Users/user/Dropbox/2021/2021 Fall/EE595/f4_m.mov,339.030,30.02,No focal subject,4beats_4,,,POINT,117.133,117.133,NA,,
meta_f4,2021-12-12 17:47:02,,C:/Users/user/Dropbox/2021/2021 Fall/EE595/f4_m.mov,339.030,30.02,No focal subject,4beats_1,,,POINT,118.133,118.133,NA,,
meta_f4,2021-12-12 17:47:02,,C:/Users/user/Dropbox/2021/2021 Fall/EE595/f4_m.mov,339.030,30.02,No focal subject,4beats_2,,,POINT,119.382,119.382,NA,,
meta_f4,2021-12-12 17:47:02,,C:/Users/user/Dropbox/2021/2021 Fall/EE595/f4_m.mov,339.030,30.02,No focal subject,4beats_3,,,POINT,120.383,120.383,NA,,
meta_f4,2021-12-12 17:47:02,,C:/Users/user/Dropbox/2021/2021 Fall/EE595/f4_m.mov,339.030,30.02,No focal subject,4beats_4,,,POINT,121.132,121.132,NA,,
meta_f4,2021-12-12 17:47:02,,C:/Users/user/Dropbox/2021/2021 Fall/EE595/f4_m.mov,339.030,30.02,No focal subject,4beats_1,,,POINT,122.132,122.132,NA,,
meta_f4,2021-12-12 17:47:02,,C:/Users/user/Dropbox/2021/2021 Fall/EE595/f4_m.mov,339.030,30.02,No focal subject,4beats_2,,,POINT,123.382,123.382,NA,,
meta_f4,2021-12-12 17:47:02,,C:/Users/user/Dropbox/2021/2021 Fall/EE595/f4_m.mov,339.030,30.02,No focal subject,4beats_3,,,POINT,124.383,124.383,NA,,
meta_f4,2021-12-12 17:47:02,,C:/Users/user/Dropbox/2021/2021 Fall/EE595/f4_m.mov,339.030,30.02,No focal subject,4beats_4,,,POINT,125.382,125.382,NA,,
meta_f4,2021-12-12 17:47:02,,C:/Users/user/Dropbox/2021/2021 Fall/EE595/f4_m.mov,339.030,30.02,No focal subject,4beats_1,,,POINT,126.133,126.133,NA,,
meta_f4,2021-12-12 17:47:02,,C:/Users/user/Dropbox/2021/2021 Fall/EE595/f4_m.mov,339.030,30.02,No focal subject,4beats_2,,,POINT,127.382,127.382,NA,,
meta_f4,2021-12-12 17:47:02,,C:/Users/user/Dropbox/2021/2021 Fall/EE595/f4_m.mov,339.030,30.02,No focal subject,4beats_3,,,POINT,128.132,128.132,NA,,
meta_f4,2021-12-12 17:47:02,,C:/Users/user/Dropbox/2021/2021 Fall/EE595/f4_m.mov,339.030,30.02,No focal subject,4beats_4,,,POINT,129.133,129.133,NA,,
meta_f4,2021-12-12 17:47:02,,C:/Users/user/Dropbox/2021/2021 Fall/EE595/f4_m.mov,339.030,30.02,No focal subject,4beats_1,,,POINT,130.133,130.133,NA,,
meta_f4,2021-12-12 17:47:02,,C:/Users/user/Dropbox/2021/2021 Fall/EE595/f4_m.mov,339.030,30.02,No focal subject,4beats_2,,,POINT,131.133,131.133,NA,,
meta_f4,2021-12-12 17:47:02,,C:/Users/user/Dropbox/2021/2021 Fall/EE595/f4_m.mov,339.030,30.02,No focal subject,4beats_3,,,POINT,132.132,132.132,NA,,
meta_f4,2021-12-12 17:47:02,,C:/Users/user/Dropbox/2021/2021 Fall/EE595/f4_m.mov,339.030,30.02,No focal subject,4beats_4,,,POINT,132.883,132.883,NA,,
meta_f4,2021-12-12 17:47:02,,C:/Users/user/Dropbox/2021/2021 Fall/EE595/f4_m.mov,339.030,30.02,No focal subject,4beats_1,,,POINT,133.883,133.883,NA,,
meta_f4,2021-12-12 17:47:02,,C:/Users/user/Dropbox/2021/2021 Fall/EE595/f4_m.mov,339.030,30.02,No focal subject,4beats_2,,,POINT,135.132,135.132,NA,,
meta_f4,2021-12-12 17:47:02,,C:/Users/user/Dropbox/2021/2021 Fall/EE595/f4_m.mov,339.030,30.02,No focal subject,4beats_3,,,POINT,136.133,136.133,NA,,
meta_f4,2021-12-12 17:47:02,,C:/Users/user/Dropbox/2021/2021 Fall/EE595/f4_m.mov,339.030,30.02,No focal subject,4beats_4,,,POINT,136.883,136.883,NA,,
meta_f4,2021-12-12 17:47:02,,C:/Users/user/Dropbox/2021/2021 Fall/EE595/f4_m.mov,339.030,30.02,No focal subject,4beats_1,,,POINT,138.133,138.133,NA,,
meta_f4,2021-12-12 17:47:02,,C:/Users/user/Dropbox/2021/2021 Fall/EE595/f4_m.mov,339.030,30.02,No focal subject,4beats_2,,,POINT,139.133,139.133,NA,,
meta_f4,2021-12-12 17:47:02,,C:/Users/user/Dropbox/2021/2021 Fall/EE595/f4_m.mov,339.030,30.02,No focal subject,4beats_3,,,POINT,140.132,140.132,NA,,
meta_f4,2021-12-12 17:47:02,,C:/Users/user/Dropbox/2021/2021 Fall/EE595/f4_m.mov,339.030,30.02,No focal subject,4beats_4,,,POINT,141.133,141.133,NA,,
meta_f4,2021-12-12 17:47:02,,C:/Users/user/Dropbox/2021/2021 Fall/EE595/f4_m.mov,339.030,30.02,No focal subject,4beats_1,,,POINT,142.132,142.132,NA,,
meta_f4,2021-12-12 17:47:02,,C:/Users/user/Dropbox/2021/2021 Fall/EE595/f4_m.mov,339.030,30.02,No focal subject,4beats_2,,,POINT,143.132,143.132,NA,,
meta_f4,2021-12-12 17:47:02,,C:/Users/user/Dropbox/2021/2021 Fall/EE595/f4_m.mov,339.030,30.02,No focal subject,4beats_3,,,POINT,144.382,144.382,NA,,
meta_f4,2021-12-12 17:47:02,,C:/Users/user/Dropbox/2021/2021 Fall/EE595/f4_m.mov,339.030,30.02,No focal subject,4beats_4,,,POINT,145.382,145.382,NA,,
meta_f4,2021-12-12 17:47:02,,C:/Users/user/Dropbox/2021/2021 Fall/EE595/f4_m.mov,339.030,30.02,No focal subject,4beats_1,,,POINT,146.382,146.382,NA,,
meta_f4,2021-12-12 17:47:02,,C:/Users/user/Dropbox/2021/2021 Fall/EE595/f4_m.mov,339.030,30.02,No focal subject,4beats_2,,,POINT,147.382,147.382,NA,,
meta_f4,2021-12-12 17:47:02,,C:/Users/user/Dropbox/2021/2021 Fall/EE595/f4_m.mov,339.030,30.02,No focal subject,4beats_3,,,POINT,148.132,148.132,NA,,
meta_f4,2021-12-12 17:47:02,,C:/Users/user/Dropbox/2021/2021 Fall/EE595/f4_m.mov,339.030,30.02,No focal subject,4beats_4,,,POINT,149.132,149.132,NA,,
meta_f4,2021-12-12 17:47:02,,C:/Users/user/Dropbox/2021/2021 Fall/EE595/f4_m.mov,339.030,30.02,No focal subject,4beats_1,,,POINT,150.383,150.383,NA,,
meta_f4,2021-12-12 17:47:02,,C:/Users/user/Dropbox/2021/2021 Fall/EE595/f4_m.mov,339.030,30.02,No focal subject,4beats_2,,,POINT,151.383,151.383,NA,,
meta_f4,2021-12-12 17:47:02,,C:/Users/user/Dropbox/2021/2021 Fall/EE595/f4_m.mov,339.030,30.02,No focal subject,4beats_3,,,POINT,152.383,152.383,NA,,
meta_f4,2021-12-12 17:47:02,,C:/Users/user/Dropbox/2021/2021 Fall/EE595/f4_m.mov,339.030,30.02,No focal subject,4beats_4,,,POINT,153.382,153.382,NA,,
meta_f4,2021-12-12 17:47:02,,C:/Users/user/Dropbox/2021/2021 Fall/EE595/f4_m.mov,339.030,30.02,No focal subject,4beats_1,,,POINT,154.383,154.383,NA,,
meta_f4,2021-12-12 17:47:02,,C:/Users/user/Dropbox/2021/2021 Fall/EE595/f4_m.mov,339.030,30.02,No focal subject,4beats_2,,,POINT,155.633,155.633,NA,,
meta_f4,2021-12-12 17:47:02,,C:/Users/user/Dropbox/2021/2021 Fall/EE595/f4_m.mov,339.030,30.02,No focal subject,4beats_3,,,POINT,156.632,156.632,NA,,
meta_f4,2021-12-12 17:47:02,,C:/Users/user/Dropbox/2021/2021 Fall/EE595/f4_m.mov,339.030,30.02,No focal subject,4beats_4,,,POINT,157.632,157.632,NA,,
meta_f4,2021-12-12 17:47:02,,C:/Users/user/Dropbox/2021/2021 Fall/EE595/f4_m.mov,339.030,30.02,No focal subject,4beats_1,,,POINT,158.633,158.633,NA,,
meta_f4,2021-12-12 17:47:02,,C:/Users/user/Dropbox/2021/2021 Fall/EE595/f4_m.mov,339.030,30.02,No focal subject,4beats_2,,,POINT,159.632,159.632,NA,,
meta_f4,2021-12-12 17:47:02,,C:/Users/user/Dropbox/2021/2021 Fall/EE595/f4_m.mov,339.030,30.02,No focal subject,4beats_3,,,POINT,160.382,160.382,NA,,
meta_f4,2021-12-12 17:47:02,,C:/Users/user/Dropbox/2021/2021 Fall/EE595/f4_m.mov,339.030,30.02,No focal subject,4beats_4,,,POINT,161.137,161.137,NA,,
meta_f4,2021-12-12 17:47:02,,C:/Users/user/Dropbox/2021/2021 Fall/EE595/f4_m.mov,339.030,30.02,No focal subject,4beats_1,,,POINT,162.132,162.132,NA,,
meta_f4,2021-12-12 17:47:02,,C:/Users/user/Dropbox/2021/2021 Fall/EE595/f4_m.mov,339.030,30.02,No focal subject,4beats_2,,,POINT,163.382,163.382,NA,,
meta_f4,2021-12-12 17:47:02,,C:/Users/user/Dropbox/2021/2021 Fall/EE595/f4_m.mov,339.030,30.02,No focal subject,4beats_3,,,POINT,164.133,164.133,NA,,
meta_f4,2021-12-12 17:47:02,,C:/Users/user/Dropbox/2021/2021 Fall/EE595/f4_m.mov,339.030,30.02,No focal subject,4beats_4,,,POINT,165.133,165.133,NA,,
meta_f4,2021-12-12 17:47:02,,C:/Users/user/Dropbox/2021/2021 Fall/EE595/f4_m.mov,339.030,30.02,No focal subject,4beats_1,,,POINT,166.132,166.132,NA,,
meta_f4,2021-12-12 17:47:02,,C:/Users/user/Dropbox/2021/2021 Fall/EE595/f4_m.mov,339.030,30.02,No focal subject,4beats_2,,,POINT,167.133,167.133,NA,,
meta_f4,2021-12-12 17:47:02,,C:/Users/user/Dropbox/2021/2021 Fall/EE595/f4_m.mov,339.030,30.02,No focal subject,4beats_3,,,POINT,168.132,168.132,NA,,
meta_f4,2021-12-12 17:47:02,,C:/Users/user/Dropbox/2021/2021 Fall/EE595/f4_m.mov,339.030,30.02,No focal subject,4beats_4,,,POINT,169.133,169.133,NA,,
meta_f4,2021-12-12 17:47:02,,C:/Users/user/Dropbox/2021/2021 Fall/EE595/f4_m.mov,339.030,30.02,No focal subject,4beats_1,,,POINT,170.137,170.137,NA,,
meta_f4,2021-12-12 17:47:02,,C:/Users/user/Dropbox/2021/2021 Fall/EE595/f4_m.mov,339.030,30.02,No focal subject,4beats_2,,,POINT,171.382,171.382,NA,,
meta_f4,2021-12-12 17:47:02,,C:/Users/user/Dropbox/2021/2021 Fall/EE595/f4_m.mov,339.030,30.02,No focal subject,4beats_3,,,POINT,172.383,172.383,NA,,
meta_f4,2021-12-12 17:47:02,,C:/Users/user/Dropbox/2021/2021 Fall/EE595/f4_m.mov,339.030,30.02,No focal subject,4beats_4,,,POINT,173.133,173.133,NA,,
meta_f4,2021-12-12 17:47:02,,C:/Users/user/Dropbox/2021/2021 Fall/EE595/f4_m.mov,339.030,30.02,No focal subject,4beats_1,,,POINT,174.132,174.132,NA,,
meta_f4,2021-12-12 17:47:02,,C:/Users/user/Dropbox/2021/2021 Fall/EE595/f4_m.mov,339.030,30.02,No focal subject,4beats_2,,,POINT,175.383,175.383,NA,,
meta_f4,2021-12-12 17:47:02,,C:/Users/user/Dropbox/2021/2021 Fall/EE595/f4_m.mov,339.030,30.02,No focal subject,4beats_3,,,POINT,176.133,176.133,NA,,
meta_f4,2021-12-12 17:47:02,,C:/Users/user/Dropbox/2021/2021 Fall/EE595/f4_m.mov,339.030,30.02,No focal subject,4beats_4,,,POINT,177.133,177.133,NA,,
meta_f4,2021-12-12 17:47:02,,C:/Users/user/Dropbox/2021/2021 Fall/EE595/f4_m.mov,339.030,30.02,No focal subject,4beats_1,,,POINT,178.137,178.137,NA,,
meta_f4,2021-12-12 17:47:02,,C:/Users/user/Dropbox/2021/2021 Fall/EE595/f4_m.mov,339.030,30.02,No focal subject,4beats_2,,,POINT,179.382,179.382,NA,,
meta_f4,2021-12-12 17:47:02,,C:/Users/user/Dropbox/2021/2021 Fall/EE595/f4_m.mov,339.030,30.02,No focal subject,4beats_3,,,POINT,180.387,180.387,NA,,
meta_f4,2021-12-12 17:47:02,,C:/Users/user/Dropbox/2021/2021 Fall/EE595/f4_m.mov,339.030,30.02,No focal subject,4beats_4,,,POINT,181.383,181.383,NA,,
meta_f4,2021-12-12 17:47:02,,C:/Users/user/Dropbox/2021/2021 Fall/EE595/f4_m.mov,339.030,30.02,No focal subject,4beats_1,,,POINT,182.383,182.383,NA,,
meta_f4,2021-12-12 17:47:02,,C:/Users/user/Dropbox/2021/2021 Fall/EE595/f4_m.mov,339.030,30.02,No focal subject,4beats_2,,,POINT,183.382,183.382,NA,,
meta_f4,2021-12-12 17:47:02,,C:/Users/user/Dropbox/2021/2021 Fall/EE595/f4_m.mov,339.030,30.02,No focal subject,4beats_3,,,POINT,184.383,184.383,NA,,
meta_f4,2021-12-12 17:47:02,,C:/Users/user/Dropbox/2021/2021 Fall/EE595/f4_m.mov,339.030,30.02,No focal subject,4beats_4,,,POINT,185.133,185.133,NA,,
meta_f4,2021-12-12 17:47:02,,C:/Users/user/Dropbox/2021/2021 Fall/EE595/f4_m.mov,339.030,30.02,No focal subject,4beats_1,,,POINT,186.132,186.132,NA,,
meta_f4,2021-12-12 17:47:02,,C:/Users/user/Dropbox/2021/2021 Fall/EE595/f4_m.mov,339.030,30.02,No focal subject,4beats_2,,,POINT,187.382,187.382,NA,,
meta_f4,2021-12-12 17:47:02,,C:/Users/user/Dropbox/2021/2021 Fall/EE595/f4_m.mov,339.030,30.02,No focal subject,4beats_3,,,POINT,188.382,188.382,NA,,
meta_f4,2021-12-12 17:47:02,,C:/Users/user/Dropbox/2021/2021 Fall/EE595/f4_m.mov,339.030,30.02,No focal subject,4beats_4,,,POINT,189.132,189.132,NA,,
meta_f4,2021-12-12 17:47:02,,C:/Users/user/Dropbox/2021/2021 Fall/EE595/f4_m.mov,339.030,30.02,No focal subject,4beats_1,,,POINT,190.132,190.132,NA,,
meta_f4,2021-12-12 17:47:02,,C:/Users/user/Dropbox/2021/2021 Fall/EE595/f4_m.mov,339.030,30.02,No focal subject,4beats_2,,,POINT,191.382,191.382,NA,,
meta_f4,2021-12-12 17:47:02,,C:/Users/user/Dropbox/2021/2021 Fall/EE595/f4_m.mov,339.030,30.02,No focal subject,4beats_3,,,POINT,192.383,192.383,NA,,
meta_f4,2021-12-12 17:47:02,,C:/Users/user/Dropbox/2021/2021 Fall/EE595/f4_m.mov,339.030,30.02,No focal subject,4beats_4,,,POINT,193.132,193.132,NA,,
meta_f4,2021-12-12 17:47:02,,C:/Users/user/Dropbox/2021/2021 Fall/EE595/f4_m.mov,339.030,30.02,No focal subject,4beats_1,,,POINT,194.387,194.387,NA,,
meta_f4,2021-12-12 17:47:02,,C:/Users/user/Dropbox/2021/2021 Fall/EE595/f4_m.mov,339.030,30.02,No focal subject,4beats_2,,,POINT,195.383,195.383,NA,,
meta_f4,2021-12-12 17:47:02,,C:/Users/user/Dropbox/2021/2021 Fall/EE595/f4_m.mov,339.030,30.02,No focal subject,4beats_3,,,POINT,196.383,196.383,NA,,
meta_f4,2021-12-12 17:47:02,,C:/Users/user/Dropbox/2021/2021 Fall/EE595/f4_m.mov,339.030,30.02,No focal subject,4beats_4,,,POINT,197.382,197.382,NA,,
meta_f4,2021-12-12 17:47:02,,C:/Users/user/Dropbox/2021/2021 Fall/EE595/f4_m.mov,339.030,30.02,No focal subject,4beats_1,,,POINT,198.382,198.382,NA,,
meta_f4,2021-12-12 17:47:02,,C:/Users/user/Dropbox/2021/2021 Fall/EE595/f4_m.mov,339.030,30.02,No focal subject,4beats_2,,,POINT,199.382,199.382,NA,,
meta_f4,2021-12-12 17:47:02,,C:/Users/user/Dropbox/2021/2021 Fall/EE595/f4_m.mov,339.030,30.02,No focal subject,4beats_3,,,POINT,200.383,200.383,NA,,
meta_f4,2021-12-12 17:47:02,,C:/Users/user/Dropbox/2021/2021 Fall/EE595/f4_m.mov,339.030,30.02,No focal subject,4beats_4,,,POINT,201.132,201.132,NA,,
meta_f4,2021-12-12 17:47:02,,C:/Users/user/Dropbox/2021/2021 Fall/EE595/f4_m.mov,339.030,30.02,No focal subject,4beats_1,,,POINT,202.382,202.382,NA,,
meta_f4,2021-12-12 17:47:02,,C:/Users/user/Dropbox/2021/2021 Fall/EE595/f4_m.mov,339.030,30.02,No focal subject,4beats_2,,,POINT,203.382,203.382,NA,,
meta_f4,2021-12-12 17:47:02,,C:/Users/user/Dropbox/2021/2021 Fall/EE595/f4_m.mov,339.030,30.02,No focal subject,4beats_3,,,POINT,204.132,204.132,NA,,
meta_f4,2021-12-12 17:47:02,,C:/Users/user/Dropbox/2021/2021 Fall/EE595/f4_m.mov,339.030,30.02,No focal subject,4beats_4,,,POINT,205.132,205.132,NA,,
meta_f4,2021-12-12 17:47:02,,C:/Users/user/Dropbox/2021/2021 Fall/EE595/f4_m.mov,339.030,30.02,No focal subject,4beats_1,,,POINT,206.132,206.132,NA,,
meta_f4,2021-12-12 17:47:02,,C:/Users/user/Dropbox/2021/2021 Fall/EE595/f4_m.mov,339.030,30.02,No focal subject,4beats_2,,,POINT,207.132,207.132,NA,,
meta_f4,2021-12-12 17:47:02,,C:/Users/user/Dropbox/2021/2021 Fall/EE595/f4_m.mov,339.030,30.02,No focal subject,4beats_3,,,POINT,208.132,208.132,NA,,
meta_f4,2021-12-12 17:47:02,,C:/Users/user/Dropbox/2021/2021 Fall/EE595/f4_m.mov,339.030,30.02,No focal subject,4beats_4,,,POINT,208.883,208.883,NA,,
meta_f4,2021-12-12 17:47:02,,C:/Users/user/Dropbox/2021/2021 Fall/EE595/f4_m.mov,339.030,30.02,No focal subject,4beats_1,,,POINT,210.132,210.132,NA,,
meta_f4,2021-12-12 17:47:02,,C:/Users/user/Dropbox/2021/2021 Fall/EE595/f4_m.mov,339.030,30.02,No focal subject,4beats_2,,,POINT,211.133,211.133,NA,,
meta_f4,2021-12-12 17:47:02,,C:/Users/user/Dropbox/2021/2021 Fall/EE595/f4_m.mov,339.030,30.02,No focal subject,4beats_3,,,POINT,212.133,212.133,NA,,
meta_f4,2021-12-12 17:47:02,,C:/Users/user/Dropbox/2021/2021 Fall/EE595/f4_m.mov,339.030,30.02,No focal subject,4beats_4,,,POINT,213.133,213.133,NA,,
meta_f4,2021-12-12 17:47:02,,C:/Users/user/Dropbox/2021/2021 Fall/EE595/f4_m.mov,339.030,30.02,No focal subject,4beats_1,,,POINT,214.137,214.137,NA,,
meta_f4,2021-12-12 17:47:02,,C:/Users/user/Dropbox/2021/2021 Fall/EE595/f4_m.mov,339.030,30.02,No focal subject,4beats_2,,,POINT,215.133,215.133,NA,,
meta_f4,2021-12-12 17:47:02,,C:/Users/user/Dropbox/2021/2021 Fall/EE595/f4_m.mov,339.030,30.02,No focal subject,4beats_3,,,POINT,216.137,216.137,NA,,
meta_f4,2021-12-12 17:47:02,,C:/Users/user/Dropbox/2021/2021 Fall/EE595/f4_m.mov,339.030,30.02,No focal subject,4beats_4,,,POINT,217.133,217.133,NA,,
meta_f4,2021-12-12 17:47:02,,C:/Users/user/Dropbox/2021/2021 Fall/EE595/f4_m.mov,339.030,30.02,No focal subject,4beats_1,,,POINT,218.137,218.137,NA,,
meta_f4,2021-12-12 17:47:02,,C:/Users/user/Dropbox/2021/2021 Fall/EE595/f4_m.mov,339.030,30.02,No focal subject,4beats_2,,,POINT,219.383,219.383,NA,,
meta_f4,2021-12-12 17:47:02,,C:/Users/user/Dropbox/2021/2021 Fall/EE595/f4_m.mov,339.030,30.02,No focal subject,4beats_3,,,POINT,220.382,220.382,NA,,
meta_f4,2021-12-12 17:47:02,,C:/Users/user/Dropbox/2021/2021 Fall/EE595/f4_m.mov,339.030,30.02,No focal subject,4beats_4,,,POINT,221.383,221.383,NA,,
meta_f4,2021-12-12 17:47:02,,C:/Users/user/Dropbox/2021/2021 Fall/EE595/f4_m.mov,339.030,30.02,No focal subject,4beats_1,,,POINT,222.383,222.383,NA,,
meta_f4,2021-12-12 17:47:02,,C:/Users/user/Dropbox/2021/2021 Fall/EE595/f4_m.mov,339.030,30.02,No focal subject,4beats_2,,,POINT,223.382,223.382,NA,,
meta_f4,2021-12-12 17:47:02,,C:/Users/user/Dropbox/2021/2021 Fall/EE595/f4_m.mov,339.030,30.02,No focal subject,4beats_3,,,POINT,224.382,224.382,NA,,
meta_f4,2021-12-12 17:47:02,,C:/Users/user/Dropbox/2021/2021 Fall/EE595/f4_m.mov,339.030,30.02,No focal subject,4beats_4,,,POINT,225.137,225.137,NA,,
meta_f4,2021-12-12 17:47:02,,C:/Users/user/Dropbox/2021/2021 Fall/EE595/f4_m.mov,339.030,30.02,No focal subject,4beats_1,,,POINT,226.133,226.133,NA,,
meta_f4,2021-12-12 17:47:02,,C:/Users/user/Dropbox/2021/2021 Fall/EE595/f4_m.mov,339.030,30.02,No focal subject,4beats_2,,,POINT,227.382,227.382,NA,,
meta_f4,2021-12-12 17:47:02,,C:/Users/user/Dropbox/2021/2021 Fall/EE595/f4_m.mov,339.030,30.02,No focal subject,4beats_3,,,POINT,228.383,228.383,NA,,
meta_f4,2021-12-12 17:47:02,,C:/Users/user/Dropbox/2021/2021 Fall/EE595/f4_m.mov,339.030,30.02,No focal subject,4beats_4,,,POINT,229.137,229.137,NA,,
meta_f4,2021-12-12 17:47:02,,C:/Users/user/Dropbox/2021/2021 Fall/EE595/f4_m.mov,339.030,30.02,No focal subject,4beats_1,,,POINT,230.137,230.137,NA,,
meta_f4,2021-12-12 17:47:02,,C:/Users/user/Dropbox/2021/2021 Fall/EE595/f4_m.mov,339.030,30.02,No focal subject,4beats_2,,,POINT,231.382,231.382,NA,,
meta_f4,2021-12-12 17:47:02,,C:/Users/user/Dropbox/2021/2021 Fall/EE595/f4_m.mov,339.030,30.02,No focal subject,4beats_3,,,POINT,232.132,232.132,NA,,
meta_f4,2021-12-12 17:47:02,,C:/Users/user/Dropbox/2021/2021 Fall/EE595/f4_m.mov,339.030,30.02,No focal subject,4beats_4,,,POINT,233.133,233.133,NA,,
meta_f4,2021-12-12 17:47:02,,C:/Users/user/Dropbox/2021/2021 Fall/EE595/f4_m.mov,339.030,30.02,No focal subject,4beats_1,,,POINT,234.137,234.137,NA,,
meta_f4,2021-12-12 17:47:02,,C:/Users/user/Dropbox/2021/2021 Fall/EE595/f4_m.mov,339.030,30.02,No focal subject,4beats_2,,,POINT,235.383,235.383,NA,,
meta_f4,2021-12-12 17:47:02,,C:/Users/user/Dropbox/2021/2021 Fall/EE595/f4_m.mov,339.030,30.02,No focal subject,4beats_3,,,POINT,236.382,236.382,NA,,
meta_f4,2021-12-12 17:47:02,,C:/Users/user/Dropbox/2021/2021 Fall/EE595/f4_m.mov,339.030,30.02,No focal subject,4beats_4,,,POINT,237.133,237.133,NA,,
meta_f4,2021-12-12 17:47:02,,C:/Users/user/Dropbox/2021/2021 Fall/EE595/f4_m.mov,339.030,30.02,No focal subject,4beats_1,,,POINT,238.133,238.133,NA,,
meta_f4,2021-12-12 17:47:02,,C:/Users/user/Dropbox/2021/2021 Fall/EE595/f4_m.mov,339.030,30.02,No focal subject,4beats_2,,,POINT,239.382,239.382,NA,,
meta_f4,2021-12-12 17:47:02,,C:/Users/user/Dropbox/2021/2021 Fall/EE595/f4_m.mov,339.030,30.02,No focal subject,4beats_3,,,POINT,240.382,240.382,NA,,
meta_f4,2021-12-12 17:47:02,,C:/Users/user/Dropbox/2021/2021 Fall/EE595/f4_m.mov,339.030,30.02,No focal subject,4beats_4,,,POINT,241.133,241.133,NA,,
meta_f4,2021-12-12 17:47:02,,C:/Users/user/Dropbox/2021/2021 Fall/EE595/f4_m.mov,339.030,30.02,No focal subject,4beats_1,,,POINT,242.387,242.387,NA,,
meta_f4,2021-12-12 17:47:02,,C:/Users/user/Dropbox/2021/2021 Fall/EE595/f4_m.mov,339.030,30.02,No focal subject,4beats_2,,,POINT,243.382,243.382,NA,,
meta_f4,2021-12-12 17:47:02,,C:/Users/user/Dropbox/2021/2021 Fall/EE595/f4_m.mov,339.030,30.02,No focal subject,4beats_3,,,POINT,244.382,244.382,NA,,
meta_f4,2021-12-12 17:47:02,,C:/Users/user/Dropbox/2021/2021 Fall/EE595/f4_m.mov,339.030,30.02,No focal subject,4beats_4,,,POINT,245.132,245.132,NA,,
meta_f4,2021-12-12 17:47:02,,C:/Users/user/Dropbox/2021/2021 Fall/EE595/f4_m.mov,339.030,30.02,No focal subject,4beats_1,,,POINT,246.137,246.137,NA,,
meta_f4,2021-12-12 17:47:02,,C:/Users/user/Dropbox/2021/2021 Fall/EE595/f4_m.mov,339.030,30.02,No focal subject,4beats_2,,,POINT,247.383,247.383,NA,,
meta_f4,2021-12-12 17:47:02,,C:/Users/user/Dropbox/2021/2021 Fall/EE595/f4_m.mov,339.030,30.02,No focal subject,4beats_3,,,POINT,248.137,248.137,NA,,
meta_f4,2021-12-12 17:47:02,,C:/Users/user/Dropbox/2021/2021 Fall/EE595/f4_m.mov,339.030,30.02,No focal subject,4beats_4,,,POINT,249.132,249.132,NA,,
meta_f4,2021-12-12 17:47:02,,C:/Users/user/Dropbox/2021/2021 Fall/EE595/f4_m.mov,339.030,30.02,No focal subject,4beats_1,,,POINT,250.132,250.132,NA,,
meta_f4,2021-12-12 17:47:02,,C:/Users/user/Dropbox/2021/2021 Fall/EE595/f4_m.mov,339.030,30.02,No focal subject,4beats_2,,,POINT,251.137,251.137,NA,,
meta_f4,2021-12-12 17:47:02,,C:/Users/user/Dropbox/2021/2021 Fall/EE595/f4_m.mov,339.030,30.02,No focal subject,4beats_3,,,POINT,252.136,252.136,NA,,
meta_f4,2021-12-12 17:47:02,,C:/Users/user/Dropbox/2021/2021 Fall/EE595/f4_m.mov,339.030,30.02,No focal subject,4beats_4,,,POINT,253.132,253.132,NA,,
meta_f4,2021-12-12 17:47:02,,C:/Users/user/Dropbox/2021/2021 Fall/EE595/f4_m.mov,339.030,30.02,No focal subject,4beats_1,,,POINT,254.137,254.137,NA,,
meta_f4,2021-12-12 17:47:02,,C:/Users/user/Dropbox/2021/2021 Fall/EE595/f4_m.mov,339.030,30.02,No focal subject,4beats_2,,,POINT,255.133,255.133,NA,,
meta_f4,2021-12-12 17:47:02,,C:/Users/user/Dropbox/2021/2021 Fall/EE595/f4_m.mov,339.030,30.02,No focal subject,4beats_3,,,POINT,256.132,256.132,NA,,
meta_f4,2021-12-12 17:47:02,,C:/Users/user/Dropbox/2021/2021 Fall/EE595/f4_m.mov,339.030,30.02,No focal subject,4beats_4,,,POINT,257.133,257.133,NA,,
meta_f4,2021-12-12 17:47:02,,C:/Users/user/Dropbox/2021/2021 Fall/EE595/f4_m.mov,339.030,30.02,No focal subject,4beats_1,,,POINT,258.138,258.138,NA,,
meta_f4,2021-12-12 17:47:02,,C:/Users/user/Dropbox/2021/2021 Fall/EE595/f4_m.mov,339.030,30.02,No focal subject,4beats_2,,,POINT,259.382,259.382,NA,,
meta_f4,2021-12-12 17:47:02,,C:/Users/user/Dropbox/2021/2021 Fall/EE595/f4_m.mov,339.030,30.02,No focal subject,4beats_3,,,POINT,260.382,260.382,NA,,
meta_f4,2021-12-12 17:47:02,,C:/Users/user/Dropbox/2021/2021 Fall/EE595/f4_m.mov,339.030,30.02,No focal subject,4beats_4,,,POINT,261.133,261.133,NA,,
meta_f4,2021-12-12 17:47:02,,C:/Users/user/Dropbox/2021/2021 Fall/EE595/f4_m.mov,339.030,30.02,No focal subject,4beats_1,,,POINT,262.382,262.382,NA,,
meta_f4,2021-12-12 17:47:02,,C:/Users/user/Dropbox/2021/2021 Fall/EE595/f4_m.mov,339.030,30.02,No focal subject,4beats_2,,,POINT,263.382,263.382,NA,,
meta_f4,2021-12-12 17:47:02,,C:/Users/user/Dropbox/2021/2021 Fall/EE595/f4_m.mov,339.030,30.02,No focal subject,4beats_3,,,POINT,264.383,264.383,NA,,
meta_f4,2021-12-12 17:47:02,,C:/Users/user/Dropbox/2021/2021 Fall/EE595/f4_m.mov,339.030,30.02,No focal subject,4beats_4,,,POINT,265.132,265.132,NA,,
meta_f4,2021-12-12 17:47:02,,C:/Users/user/Dropbox/2021/2021 Fall/EE595/f4_m.mov,339.030,30.02,No focal subject,4beats_1,,,POINT,266.383,266.383,NA,,
meta_f4,2021-12-12 17:47:02,,C:/Users/user/Dropbox/2021/2021 Fall/EE595/f4_m.mov,339.030,30.02,No focal subject,4beats_2,,,POINT,267.387,267.387,NA,,
meta_f4,2021-12-12 17:47:02,,C:/Users/user/Dropbox/2021/2021 Fall/EE595/f4_m.mov,339.030,30.02,No focal subject,4beats_3,,,POINT,268.382,268.382,NA,,
meta_f4,2021-12-12 17:47:02,,C:/Users/user/Dropbox/2021/2021 Fall/EE595/f4_m.mov,339.030,30.02,No focal subject,4beats_4,,,POINT,269.382,269.382,NA,,
meta_f4,2021-12-12 17:47:02,,C:/Users/user/Dropbox/2021/2021 Fall/EE595/f4_m.mov,339.030,30.02,No focal subject,4beats_1,,,POINT,270.382,270.382,NA,,
meta_f4,2021-12-12 17:47:02,,C:/Users/user/Dropbox/2021/2021 Fall/EE595/f4_m.mov,339.030,30.02,No focal subject,4beats_2,,,POINT,271.382,271.382,NA,,
meta_f4,2021-12-12 17:47:02,,C:/Users/user/Dropbox/2021/2021 Fall/EE595/f4_m.mov,339.030,30.02,No focal subject,4beats_3,,,POINT,272.132,272.132,NA,,
meta_f4,2021-12-12 17:47:02,,C:/Users/user/Dropbox/2021/2021 Fall/EE595/f4_m.mov,339.030,30.02,No focal subject,4beats_4,,,POINT,273.132,273.132,NA,,
meta_f4,2021-12-12 17:47:02,,C:/Users/user/Dropbox/2021/2021 Fall/EE595/f4_m.mov,339.030,30.02,No focal subject,4beats_1,,,POINT,274.133,274.133,NA,,
meta_f4,2021-12-12 17:47:02,,C:/Users/user/Dropbox/2021/2021 Fall/EE595/f4_m.mov,339.030,30.02,No focal subject,4beats_2,,,POINT,275.382,275.382,NA,,
meta_f4,2021-12-12 17:47:02,,C:/Users/user/Dropbox/2021/2021 Fall/EE595/f4_m.mov,339.030,30.02,No focal subject,4beats_3,,,POINT,276.383,276.383,NA,,
meta_f4,2021-12-12 17:47:02,,C:/Users/user/Dropbox/2021/2021 Fall/EE595/f4_m.mov,339.030,30.02,No focal subject,4beats_4,,,POINT,277.132,277.132,NA,,
meta_f4,2021-12-12 17:47:02,,C:/Users/user/Dropbox/2021/2021 Fall/EE595/f4_m.mov,339.030,30.02,No focal subject,4beats_1,,,POINT,278.383,278.383,NA,,
meta_f4,2021-12-12 17:47:02,,C:/Users/user/Dropbox/2021/2021 Fall/EE595/f4_m.mov,339.030,30.02,No focal subject,4beats_2,,,POINT,279.382,279.382,NA,,
meta_f4,2021-12-12 17:47:02,,C:/Users/user/Dropbox/2021/2021 Fall/EE595/f4_m.mov,339.030,30.02,No focal subject,4beats_3,,,POINT,280.382,280.382,NA,,
meta_f4,2021-12-12 17:47:02,,C:/Users/user/Dropbox/2021/2021 Fall/EE595/f4_m.mov,339.030,30.02,No focal subject,4beats_4,,,POINT,281.133,281.133,NA,,
meta_f4,2021-12-12 17:47:02,,C:/Users/user/Dropbox/2021/2021 Fall/EE595/f4_m.mov,339.030,30.02,No focal subject,4beats_1,,,POINT,282.387,282.387,NA,,
meta_f4,2021-12-12 17:47:02,,C:/Users/user/Dropbox/2021/2021 Fall/EE595/f4_m.mov,339.030,30.02,No focal subject,4beats_2,,,POINT,283.382,283.382,NA,,
meta_f4,2021-12-12 17:47:02,,C:/Users/user/Dropbox/2021/2021 Fall/EE595/f4_m.mov,339.030,30.02,No focal subject,4beats_3,,,POINT,284.383,284.383,NA,,
meta_f4,2021-12-12 17:47:02,,C:/Users/user/Dropbox/2021/2021 Fall/EE595/f4_m.mov,339.030,30.02,No focal subject,4beats_4,,,POINT,285.132,285.132,NA,,
meta_f4,2021-12-12 17:47:02,,C:/Users/user/Dropbox/2021/2021 Fall/EE595/f4_m.mov,339.030,30.02,No focal subject,4beats_1,,,POINT,286.133,286.133,NA,,
meta_f4,2021-12-12 17:47:02,,C:/Users/user/Dropbox/2021/2021 Fall/EE595/f4_m.mov,339.030,30.02,No focal subject,4beats_2,,,POINT,287.136,287.136,NA,,
meta_f4,2021-12-12 17:47:02,,C:/Users/user/Dropbox/2021/2021 Fall/EE595/f4_m.mov,339.030,30.02,No focal subject,4beats_3,,,POINT,288.132,288.132,NA,,
meta_f4,2021-12-12 17:47:02,,C:/Users/user/Dropbox/2021/2021 Fall/EE595/f4_m.mov,339.030,30.02,No focal subject,4beats_4,,,POINT,289.137,289.137,NA,,
meta_f4,2021-12-12 17:47:02,,C:/Users/user/Dropbox/2021/2021 Fall/EE595/f4_m.mov,339.030,30.02,No focal subject,4beats_1,,,POINT,290.132,290.132,NA,,
meta_f4,2021-12-12 17:47:02,,C:/Users/user/Dropbox/2021/2021 Fall/EE595/f4_m.mov,339.030,30.02,No focal subject,4beats_2,,,POINT,291.382,291.382,NA,,
meta_f4,2021-12-12 17:47:02,,C:/Users/user/Dropbox/2021/2021 Fall/EE595/f4_m.mov,339.030,30.02,No focal subject,4beats_3,,,POINT,292.383,292.383,NA,,
meta_f4,2021-12-12 17:47:02,,C:/Users/user/Dropbox/2021/2021 Fall/EE595/f4_m.mov,339.030,30.02,No focal subject,4beats_4,,,POINT,293.382,293.382,NA,,
meta_f4,2021-12-12 17:47:02,,C:/Users/user/Dropbox/2021/2021 Fall/EE595/f4_m.mov,339.030,30.02,No focal subject,4beats_1,,,POINT,294.133,294.133,NA,,
meta_f4,2021-12-12 17:47:02,,C:/Users/user/Dropbox/2021/2021 Fall/EE595/f4_m.mov,339.030,30.02,No focal subject,4beats_2,,,POINT,295.133,295.133,NA,,
meta_f4,2021-12-12 17:47:02,,C:/Users/user/Dropbox/2021/2021 Fall/EE595/f4_m.mov,339.030,30.02,No focal subject,4beats_3,,,POINT,296.133,296.133,NA,,
meta_f4,2021-12-12 17:47:02,,C:/Users/user/Dropbox/2021/2021 Fall/EE595/f4_m.mov,339.030,30.02,No focal subject,4beats_4,,,POINT,297.132,297.132,NA,,
meta_f4,2021-12-12 17:47:02,,C:/Users/user/Dropbox/2021/2021 Fall/EE595/f4_m.mov,339.030,30.02,No focal subject,4beats_1,,,POINT,298.132,298.132,NA,,
meta_f4,2021-12-12 17:47:02,,C:/Users/user/Dropbox/2021/2021 Fall/EE595/f4_m.mov,339.030,30.02,No focal subject,4beats_2,,,POINT,299.132,299.132,NA,,
meta_f4,2021-12-12 17:47:02,,C:/Users/user/Dropbox/2021/2021 Fall/EE595/f4_m.mov,339.030,30.02,No focal subject,4beats_3,,,POINT,300.133,300.133,NA,,
meta_f4,2021-12-12 17:47:02,,C:/Users/user/Dropbox/2021/2021 Fall/EE595/f4_m.mov,339.030,30.02,No focal subject,4beats_4,,,POINT,301.132,301.132,NA,,
meta_f4,2021-12-12 17:47:02,,C:/Users/user/Dropbox/2021/2021 Fall/EE595/f4_m.mov,339.030,30.02,No focal subject,4beats_1,,,POINT,302.132,302.132,NA,,
meta_f4,2021-12-12 17:47:02,,C:/Users/user/Dropbox/2021/2021 Fall/EE595/f4_m.mov,339.030,30.02,No focal subject,4beats_2,,,POINT,303.387,303.387,NA,,
meta_f4,2021-12-12 17:47:02,,C:/Users/user/Dropbox/2021/2021 Fall/EE595/f4_m.mov,339.030,30.02,No focal subject,4beats_3,,,POINT,304.137,304.137,NA,,
meta_f4,2021-12-12 17:47:02,,C:/Users/user/Dropbox/2021/2021 Fall/EE595/f4_m.mov,339.030,30.02,No focal subject,4beats_4,,,POINT,305.133,305.133,NA,,
meta_f4,2021-12-12 17:47:02,,C:/Users/user/Dropbox/2021/2021 Fall/EE595/f4_m.mov,339.030,30.02,No focal subject,4beats_1,,,POINT,306.132,306.132,NA,,
meta_f4,2021-12-12 17:47:02,,C:/Users/user/Dropbox/2021/2021 Fall/EE595/f4_m.mov,339.030,30.02,No focal subject,4beats_2,,,POINT,307.132,307.132,NA,,
meta_f4,2021-12-12 17:47:02,,C:/Users/user/Dropbox/2021/2021 Fall/EE595/f4_m.mov,339.030,30.02,No focal subject,4beats_3,,,POINT,308.132,308.132,NA,,
meta_f4,2021-12-12 17:47:02,,C:/Users/user/Dropbox/2021/2021 Fall/EE595/f4_m.mov,339.030,30.02,No focal subject,4beats_4,,,POINT,309.133,309.133,NA,,
meta_f4,2021-12-12 17:47:02,,C:/Users/user/Dropbox/2021/2021 Fall/EE595/f4_m.mov,339.030,30.02,No focal subject,4beats_1,,,POINT,309.882,309.882,NA,,
meta_f4,2021-12-12 17:47:02,,C:/Users/user/Dropbox/2021/2021 Fall/EE595/f4_m.mov,339.030,30.02,No focal subject,4beats_2,,,POINT,311.133,311.133,NA,,
meta_f4,2021-12-12 17:47:02,,C:/Users/user/Dropbox/2021/2021 Fall/EE595/f4_m.mov,339.030,30.02,No focal subject,4beats_3,,,POINT,312.137,312.137,NA,,
meta_f4,2021-12-12 17:47:02,,C:/Users/user/Dropbox/2021/2021 Fall/EE595/f4_m.mov,339.030,30.02,No focal subject,4beats_4,,,POINT,312.882,312.882,NA,,
meta_f4,2021-12-12 17:47:02,,C:/Users/user/Dropbox/2021/2021 Fall/EE595/f4_m.mov,339.030,30.02,No focal subject,4beats_1,,,POINT,313.882,313.882,NA,,
meta_f4,2021-12-12 17:47:02,,C:/Users/user/Dropbox/2021/2021 Fall/EE595/f4_m.mov,339.030,30.02,No focal subject,4beats_2,,,POINT,315.137,315.137,NA,,
meta_f4,2021-12-12 17:47:02,,C:/Users/user/Dropbox/2021/2021 Fall/EE595/f4_m.mov,339.030,30.02,No focal subject,4beats_3,,,POINT,316.132,316.132,NA,,
meta_f4,2021-12-12 17:47:02,,C:/Users/user/Dropbox/2021/2021 Fall/EE595/f4_m.mov,339.030,30.02,No focal subject,4beats_4,,,POINT,317.137,317.137,NA,,
meta_f4,2021-12-12 17:47:02,,C:/Users/user/Dropbox/2021/2021 Fall/EE595/f4_m.mov,339.030,30.02,No focal subject,4beats_1,,,POINT,318.132,318.132,NA,,
meta_f4,2021-12-12 17:47:02,,C:/Users/user/Dropbox/2021/2021 Fall/EE595/f4_m.mov,339.030,30.02,No focal subject,4beats_2,,,POINT,319.382,319.382,NA,,
meta_f4,2021-12-12 17:47:02,,C:/Users/user/Dropbox/2021/2021 Fall/EE595/f4_m.mov,339.030,30.02,No focal subject,4beats_3,,,POINT,320.137,320.137,NA,,
meta_f4,2021-12-12 17:47:02,,C:/Users/user/Dropbox/2021/2021 Fall/EE595/f4_m.mov,339.030,30.02,No focal subject,4beats_4,,,POINT,321.132,321.132,NA,,
meta_f4,2021-12-12 17:47:02,,C:/Users/user/Dropbox/2021/2021 Fall/EE595/f4_m.mov,339.030,30.02,No focal subject,4beats_1,,,POINT,322.133,322.133,NA,,
meta_f4,2021-12-12 17:47:02,,C:/Users/user/Dropbox/2021/2021 Fall/EE595/f4_m.mov,339.030,30.02,No focal subject,4beats_2,,,POINT,323.382,323.382,NA,,
meta_f4,2021-12-12 17:47:02,,C:/Users/user/Dropbox/2021/2021 Fall/EE595/f4_m.mov,339.030,30.02,No focal subject,4beats_3,,,POINT,324.137,324.137,NA,,
meta_f4,2021-12-12 17:47:02,,C:/Users/user/Dropbox/2021/2021 Fall/EE595/f4_m.mov,339.030,30.02,No focal subject,4beats_4,,,POINT,325.133,325.133,NA,,
meta_f4,2021-12-12 17:47:02,,C:/Users/user/Dropbox/2021/2021 Fall/EE595/f4_m.mov,339.030,30.02,No focal subject,4beats_1,,,POINT,326.137,326.137,NA,,
meta_f4,2021-12-12 17:47:02,,C:/Users/user/Dropbox/2021/2021 Fall/EE595/f4_m.mov,339.030,30.02,No focal subject,4beats_2,,,POINT,327.137,327.137,NA,,
meta_f4,2021-12-12 17:47:02,,C:/Users/user/Dropbox/2021/2021 Fall/EE595/f4_m.mov,339.030,30.02,No focal subject,4beats_3,,,POINT,328.132,328.132,NA,,
meta_f4,2021-12-12 17:47:02,,C:/Users/user/Dropbox/2021/2021 Fall/EE595/f4_m.mov,339.030,30.02,No focal subject,4beats_4,,,POINT,329.137,329.137,NA,,
meta_f4,2021-12-12 17:47:02,,C:/Users/user/Dropbox/2021/2021 Fall/EE595/f4_m.mov,339.030,30.02,No focal subject,4beats_1,,,POINT,330.132,330.132,NA,,
meta_f4,2021-12-12 17:47:02,,C:/Users/user/Dropbox/2021/2021 Fall/EE595/f4_m.mov,339.030,30.02,No focal subject,4beats_2,,,POINT,331.383,331.383,NA,,
meta_f4,2021-12-12 17:47:02,,C:/Users/user/Dropbox/2021/2021 Fall/EE595/f4_m.mov,339.030,30.02,No focal subject,4beats_3,,,POINT,332.387,332.387,NA,,
meta_f4,2021-12-12 17:47:02,,C:/Users/user/Dropbox/2021/2021 Fall/EE595/f4_m.mov,339.030,30.02,No focal subject,4beats_4,,,POINT,333.132,333.132,NA,,
